问题单号,业务模块,问题类型,发现环境,影响程度,问题标题,创建时间,状态,根因分类,根因详细,整改措施,漏测分析,漏测问题类型,是否回归
BUG-001,订单模块,功能缺陷,测试环境,P1,订单创建失败,2024-01-15,已关闭,开发问题,空指针未处理,增加空值检查测试覆盖,其他,功能缺陷,否
BUG-002,支付模块,性能问题,现网环境,P0,支付超时严重,2024-01-16,处理中,开发问题,SQL未优化,优化SQL添加索引,测试覆盖不足,性能问题,是
BUG-003,用户模块,功能缺陷,测试环境,P2,用户登录异常,2024-01-17,已关闭,需求问题,需求描述不清,完善需求文档,其他,功能缺陷,否
BUG-004,商品模块,兼容性问题,测试环境,P3,商品图片显示不全,2024-01-18,已关闭,开发问题,浏览器兼容未考虑,增加兼容性测试,其他,兼容性问题,否
BUG-005,订单模块,功能缺陷,灰度环境,P1,订单取消失败,2024-01-19,处理中,设计问题,状态机设计缺陷,优化状态机设计,需求理解偏差,功能缺陷,否
BUG-006,支付模块,性能问题,现网环境,P1,支付响应慢,2024-01-20,已关闭,开发问题,缓存未使用,引入缓存机制,测试覆盖不足,性能问题,是
BUG-007,库存模块,功能缺陷,测试环境,P2,库存扣减异常,2024-01-21,已关闭,开发问题,并发锁未加,添加分布式锁,其他,功能缺陷,否
BUG-008,物流模块,界面问题,测试环境,P3,物流信息展示错误,2024-01-22,已关闭,开发问题,边界条件未处理,完善边界处理,其他,界面问题,否
BUG-009,订单模块,性能问题,测试环境,P2,订单列表加载慢,2024-01-23,已关闭,开发问题,N+1查询问题,优化查询逻辑,其他,性能问题,否
BUG-010,用户模块,安全问题,现网环境,P0,用户密码明文传输,2024-01-24,已关闭,开发问题,未做加密处理,引入加密组件,开发疏漏,安全问题,是
BUG-011,商品模块,功能缺陷,测试环境,P1,商品下架失败,2024-01-25,已关闭,开发问题,事务未正确提交,检查事务配置,其他,功能缺陷,否
BUG-012,支付模块,功能缺陷,灰度环境,P2,支付方式选择异常,2024-01-26,已关闭,设计问题,接口设计不合理,优化接口设计,需求理解偏差,功能缺陷,否
BUG-013,售后模块,流程问题,测试环境,P2,售后流程无法流转,2024-01-27,处理中,需求问题,需求遗漏场景,补充需求用例,其他,流程问题,否
BUG-014,营销模块,功能缺陷,测试环境,P3,优惠券发放失败,2024-01-28,已关闭,开发问题,业务规则未校验,完善规则校验,其他,功能缺陷,否
BUG-015,报表模块,数据问题,测试环境,P2,报表数据不准确,2024-01-29,已关闭,开发问题,计算逻辑错误,修正计算逻辑,测试覆盖不足,数据问题,否
BUG-016,订单模块,兼容性问题,HCSO,P2,订单详情页错位,2024-01-30,已关闭,其他,测试环境差异,统一测试环境,测试覆盖不足,兼容性问题,否
BUG-017,支付模块,性能问题,现网环境,P0,大促期间支付崩溃,2024-02-01,处理中,设计问题,架构设计不足,优化架构设计,设计缺陷,性能问题,是
BUG-018,用户模块,功能缺陷,测试环境,P1,验证码发送失败,2024-02-02,已关闭,第三方问题,短信服务异常,增加重试机制,第三方因素,功能缺陷,否
BUG-019,商品模块,功能缺陷,合营云,P1,商品价格显示错误,2024-02-03,处理中,开发问题,数据未同步更新,检查数据同步,其他,功能缺陷,否
BUG-020,物流模块,功能缺陷,测试环境,P2,物流跟踪异常,2024-02-04,已关闭,开发问题,接口超时未处理,增加超时处理,其他,功能缺陷,否
BUG-021,订单模块,功能缺陷,现网环境,P0,订单支付成功后未生成,2024-02-05,处理中,开发问题,异步回调未处理,完善异步处理,开发疏漏,功能缺陷,是
BUG-022,支付模块,兼容性问题,测试环境,P3,部分浏览器无法支付,2024-02-06,已关闭,其他,测试用例遗漏,补充测试用例,测试覆盖不足,兼容性问题,否
BUG-023,库存模块,性能问题,测试环境,P2,库存查询超时,2024-02-07,已关闭,开发问题,索引缺失,添加索引,其他,性能问题,否
BUG-024,用户模块,界面问题,测试环境,P3,页面样式不统一,2024-02-08,已关闭,开发问题,样式未统一管理,建立样式规范,其他,界面问题,否
BUG-025,商品模块,功能缺陷,灰度环境,P1,商品库存扣减超时,2024-02-09,已关闭,开发问题,库存扣减逻辑复杂,优化扣减逻辑,需求理解偏差,功能缺陷,否
BUG-026,售后模块,功能缺陷,测试环境,P2,退货退款流程异常,2024-02-10,已关闭,需求问题,流程设计不完善,优化流程设计,其他,功能缺陷,否
BUG-027,营销模块,性能问题,现网环境,P1,活动页面访问慢,2024-02-11,处理中,开发问题,静态资源未CDN,引入CDN,测试覆盖不足,性能问题,是
BUG-028,订单模块,数据问题,测试环境,P2,订单数据重复,2024-02-12,已关闭,开发问题,唯一约束未加,添加唯一约束,其他,数据问题,否
BUG-029,支付模块,功能缺陷,测试环境,P1,退款申请无法提交,2024-02-13,已关闭,开发问题,参数校验缺失,完善参数校验,其他,功能缺陷,否
BUG-030,物流模块,功能缺陷,测试环境,P2,物流签收状态未更新,2024-02-14,已关闭,第三方问题,物流接口不稳定,增加容错处理,第三方因素,功能缺陷,否
